user_name,user_issue_title_tfidf
AlexZ11,"[('0xxx', 0.5364223861088007), ('2003lt', 0.005284949616835475), ('2003ltssocketbacktrac', 4.827801474979206), ('2103', 0.03699464731784832), ('250', 0.27587436999881176), ('250', 0.48278014749792064), ('512mib', 0.5364223861088007), ('aarch64', 0.13410559652720017), ('aarch64xmlcentos7', 1.609267158326402), ('arm', 0.05851880575732371), ('arm4kalt', 1.609267158326402), ('assign', 0.35761492407253376), ('basic', 0.4023167895816005), ('bmc', 0.45979061666468624), ('boot', 0.38622411799833656), ('cach', 0.43889104317992783), ('command', 0.06437068633305608), ('configfbefi', 4.827801474979206), ('configobj', 4.827801474979206), ('devic', 0.19311205899916828), ('devlooplinuxdevloop0loop7', 4.827801474979206), ('dmesgcma', 0.5364223861088007), ('driver', 0.43889104317992783), ('entri', 0.4023167895816005), ('euleroslt', 4.827801474979206), ('export', 0.6034751843724008), ('fail', 0.010315815117476937), ('grubcfgio', 4.827801474979206), ('guesto', 0.6437068633305608), ('guesto', 1.0728447722176013), ('issu', 0.041087672127482606), ('isula', 0.1270474072362949), ('lack', 0.03352639913180004), ('linuxvdsoso1', 4.827801474979206), ('load', 0.1270474072362949), ('lot', 0.4023167895816005), ('lspcucpu', 2.413900737489603), ('manual', 0.4023167895816005), ('mem', 0.17880746203626688), ('nfssambaceph', 4.827801474979206), ('openeul', 0.0019904355699769966), ('openeul', 0.002786609797967796), ('openeuler2003ltskdump', 1.2069503687448015), ('openeulergpu', 2.413900737489603), ('openeulerlt', 0.18932554803840024), ('openeulerqemu', 0.6437068633305608), ('os', 0.27587436999881176), ('pcifail', 0.5364223861088007), ('pi', 0.48278014749792064), ('raspberri', 0.3218534316652804), ('reserv', 0.26821119305440033), ('server', 0.09852656071386134), ('server', 0.17242148124925735), ('size', 0.09753134292887285), ('sshclone', 4.827801474979206), ('syncprovlafi', 4.827801474979206), ('taishan', 0.11494765416617156), ('taishan', 0.20115839479080025), ('taishankdump', 4.827801474979206), ('type', 1.0728447722176013), ('x86', 0.0772448235996673)]"
Anonymous_Z,[]
Au_Aviel,"[('nginxmailcap', 4.827801474979206)]"
BenchMarkFather,"[('2103', 0.027745985488386242), ('2103libvirtsrcopeneulerarm', 2.413900737489603), ('2103virsh', 1.0728447722176013), ('build', 0.030555705537843078), ('cve202011947', 4.827801474979206), ('error', 0.02343592949019032), ('libvirt', 0.48278014749792064), ('openeul', 0.004644349663279659), ('openeul', 0.006966524494919489), ('qemu', 0.4023167895816005), ('qemu210numaguesto', 4.827801474979206), ('updatedevci', 1.609267158326402)]"
Charlie_Li,[]
Charlie_li,"[('10', 0.22989530833234312), ('13', 0.3218534316652804), ('2003', 0.1508687960931002), ('2003lt', 0.005284949616835475), ('2003lt', 0.0061657745529747204), ('2003lt', 0.0061657745529747204), ('2003lt', 0.0061657745529747204), ('2003lt', 0.0061657745529747204), ('2003lt', 0.007398929463569665), ('2003lt', 0.007398929463569665), ('2003lt', 0.007398929463569665), ('2003lt', 0.007398929463569665), ('2003lt', 0.007398929463569665), ('2003lt', 0.007398929463569665), ('2003lt', 0.007398929463569665), ('2003lt', 0.007398929463569665), ('2003lt', 0.007398929463569665), ('2003lt', 0.00924866182946208), ('2003lt', 0.00924866182946208), ('2003lt', 0.012331549105949441), ('2003lt', 0.012331549105949441), ('2003lt', 0.012331549105949441), ('2003lt', 0.012331549105949441), ('2003lt', 0.01479785892713933), ('2003lt', 0.01849732365892416), ('2003ltsopeneulerlibosinfo', 2.413900737489603), ('2003ltssp1armx86mod', 1.2069503687448015), ('2003ltssp1everythingarmdoxygenx86', 4.827801474979206), ('2003ltssp1openeul', 1.609267158326402), ('2003ltssp2', 0.11098394195354497), ('2003ltssp2armx86automount', 1.609267158326402), ('2003ltssp2armx86deepinloginsoundservic', 2.413900737489603), ('2003ltsx86', 2.413900737489603), ('2003ltsx86libhugetlbf', 1.2069503687448015), ('2003ltsx86standard', 4.827801474979206), ('2003sp1networkmanagerdispatch', 4.827801474979206), ('2003sp1x86arm', 0.4023167895816005), ('2003sp1x86armetclvmbackupopeneul', 1.609267158326402), ('2009armx86ypbind', 4.827801474979206), ('2009beta', 0.20115839479080025), ('2009beta', 0.20115839479080025), ('2009betaarm1616openeuler2009', 4.827801474979206), ('2009betaarmgui', 3.218534316652804), ('2009betaarmx86colm', 1.609267158326402), ('2009betax86', 0.9655602949958413), ('2009cpu', 1.0728447722176013), ('2009isohostsecur', 1.2069503687448015), ('2009machinevirt41kdump', 2.413900737489603), ('2009metricsjdbi', 4.827801474979206), ('2009openeul', 0.6437068633305608), ('2009relesaex86arm', 0.804633579163201), ('2009systemdmachin', 4.827801474979206), ('2009texlivet2', 4.827801474979206), ('2009vmtopstgu', 2.413900737489603), ('2009wildflycor', 2.413900737489603), ('200kdumpkdump', 2.413900737489603), ('20200731boothol', 1.2069503687448015), ('20200829', 0.9655602949958413), ('20200930', 0.9655602949958413), ('20201030', 0.9655602949958413), ('20201130', 0.9655602949958413), ('20201230', 0.9655602949958413), ('20210130', 0.5364223861088007), ('20210130', 0.6437068633305608), ('20210210', 0.9655602949958413), ('2021228', 0.5364223861088007), ('2021228', 0.6437068633305608), ('2021331', 0.5364223861088007), ('2021331', 0.6437068633305608), ('202141', 1.2069503687448015), ('2021410', 0.804633579163201), ('203', 1.609267158326402), ('2103', 0.027745985488386242), ('2103', 0.027745985488386242), ('2103', 0.03699464731784832), ('2103', 0.11098394195354497), ('2103', 0.11098394195354497), ('2103arm', 0.12069503687448016), ('2103armx86', 0.3017375921862004), ('2103armx86integr', 0.9655602949958413), ('2103devhelp', 4.827801474979206), ('2103namedsdbnamedpkcs11', 4.827801474979206), ('2103rc1', 2.413900737489603), ('2103x86mariadberrorserv', 1.609267158326402), ('2280', 0.13793718499940588), ('2280', 0.45979061666468624), ('234', 0.24139007374896032), ('250', 0.27587436999881176), ('250kvm', 1.2069503687448015), ('4updat', 2.413900737489603), ('60', 1.0728447722176013), ('80ip', 2.413900737489603), ('abl', 0.48278014749792064), ('add', 0.020115839479080026), ('alloc', 0.19311205899916828), ('anaconda3319kdumpkdump', 4.827801474979206), ('arm', 0.14629701439330928), ('arm', 0.29259402878661855), ('arm2103nvwa', 0.9655602949958413), ('arm2103nvwaselinux', 4.827801474979206), ('arm2103nvwaservic', 4.827801474979206), ('assign', 0.5364223861088007), ('ba', 1.0728447722176013), ('bar', 0.26821119305440033), ('bazel', 0.9655602949958413), ('binutil', 0.13793718499940588), ('bmc', 0.45979061666468624), ('bootabl', 0.804633579163201), ('booth2103', 2.413900737489603), ('build', 0.012222282215137232), ('c', 0.3448429624985147), ('cannot', 0.18568467211458486), ('cgroup', 0.3218534316652804), ('checkabi', 3.218534316652804), ('cma', 0.48278014749792064), ('cmaalloc', 0.48278014749792064), ('cmd', 0.804633579163201), ('coreutil', 0.804633579163201), ('cy', 1.2069503687448015), ('dnf', 0.37136934422916973), ('dnsmasqlibvirtd', 4.827801474979206), ('docker', 0.14629701439330928), ('driver', 0.14629701439330928), ('dwarfdump', 1.609267158326402), ('enclav', 1.609267158326402), ('epolfail', 2.413900737489603), ('error', 0.031247905986920427), ('error', 0.09374371796076128), ('etcautomnt01', 1.609267158326402), ('etckeysx509imad', 0.9655602949958413), ('fail', 0.009284233605729244), ('fail', 0.015473722676215405), ('fail', 0.03094744535243081), ('failfeatur', 1.2069503687448015), ('fakeroot', 2.413900737489603), ('file', 0.0016214278673313876), ('find', 0.21456895444352028), ('find', 0.26821119305440033), ('fio', 1.2069503687448015), ('group', 0.24139007374896032), ('gssapi', 1.609267158326402), ('hubopeneul', 2.413900737489603), ('inact', 0.24139007374896032), ('inact', 0.24139007374896032), ('inact', 0.24139007374896032), ('info', 0.1609267158326402), ('instal', 0.043493706981794646), ('instal', 0.08698741396358929), ('instal', 0.13048112094538394), ('instal', 0.13048112094538394), ('iopeneuler2003lt', 1.0728447722176013), ('issueblock', 4.827801474979206), ('issueprfork', 4.827801474979206), ('isula', 0.08469827149086326), ('isula', 0.08469827149086326), ('kthread', 0.9655602949958413), ('kubernet', 0.5364223861088007), ('kubernet', 0.5364223861088007), ('kubespher', 0.804633579163201), ('l', 0.27587436999881176), ('l', 0.45979061666468624), ('laptop', 0.804633579163201), ('latest', 0.006946476942416124), ('lconvertx86lib64libqt5coreso5', 4.827801474979206), ('libbfd', 0.48278014749792064), ('libmicrohttpd0959dockerrpmbuild', 4.827801474979206), ('libtpm', 1.2069503687448015), ('libxxf86misc10441045', 4.827801474979206), ('lmsensorssystemddegrad', 4.827801474979206), ('load', 0.16939654298172652), ('load', 0.16939654298172652), ('login', 0.6896859249970294), ('ltpreadallsi', 0.804633579163201), ('ltsmainlinekernelq', 4.827801474979206), ('ltsopenvswitch', 4.827801474979206), ('ltsupdate0826ssh', 4.827801474979206), ('lxcfslxcfsfuse', 1.0728447722176013), ('make', 0.02839883220576004), ('megaraidecho', 1.2069503687448015), ('messagesdmesgpci', 0.804633579163201), ('mistak', 0.9655602949958413), ('mlocat', 0.9655602949958413), ('modehostmodel', 1.609267158326402), ('multipath', 1.609267158326402), ('mutxtc', 1.609267158326402), ('mysql', 0.6437068633305608), ('mzhu', 1.609267158326402), ('netdevsim', 4.827801474979206), ('notic', 0.24139007374896032), ('ob', 0.23550251097459543), ('open', 0.10728447722176014), ('openeuelrstratovirtmicrovmimag', 4.827801474979206), ('openeul', 0.0019904355699769966), ('openeul', 0.0023221748316398297), ('openeul', 0.0023221748316398297), ('openeul', 0.0023221748316398297), ('openeul', 0.0023221748316398297), ('openeul', 0.0023221748316398297), ('openeul', 0.002786609797967796), ('openeul', 0.002786609797967796), ('openeul', 0.002786609797967796), ('openeul', 0.002786609797967796), ('openeul', 0.002786609797967796), ('openeul', 0.002786609797967796), ('openeul', 0.002786609797967796), ('openeul', 0.002786609797967796), ('openeul', 0.002786609797967796), ('openeul', 0.002786609797967796), ('openeul', 0.002786609797967796), ('openeul', 0.002786609797967796), ('openeul', 0.0034832622474597445), ('openeul', 0.0034832622474597445), ('openeul', 0.0034832622474597445), ('openeul', 0.0034832622474597445), ('openeul', 0.0034832622474597445), ('openeul', 0.0034832622474597445), ('openeul', 0.004644349663279659), ('openeul', 0.004644349663279659), ('openeul', 0.004644349663279659), ('openeul', 0.004644349663279659), ('openeul', 0.004644349663279659), ('openeul', 0.004644349663279659), ('openeul', 0.004644349663279659), ('openeul', 0.006966524494919489), ('openeul', 0.006966524494919489), ('openeul', 0.006966524494919489), ('openeul', 0.006966524494919489), ('openeul', 0.006966524494919489), ('openeul', 0.006966524494919489), ('openeul', 0.006966524494919489), ('openeuler2003ltsnetinstalliso', 4.827801474979206), ('openeulerdockeraarch64tarxz35load', 1.609267158326402), ('openeulerfio', 4.827801474979206), ('openeulerltssp1', 2.413900737489603), ('openeulertaishan', 1.609267158326402), ('opensslspec', 1.609267158326402), ('os', 0.27587436999881176), ('overlap', 0.804633579163201), ('pamssh', 4.827801474979206), ('patch', 0.002482160141377484), ('patchtrack', 3.218534316652804), ('perf', 0.21456895444352028), ('pkgship', 0.1508687960931002), ('pkgship', 0.1508687960931002), ('pr', 0.2609622418907679), ('procsysrqtriggerkdumpvmcor', 1.2069503687448015), ('q', 0.26821119305440033), ('q', 0.6437068633305608), ('qaqaopeneulerorg', 4.827801474979206), ('qemuwsl', 4.827801474979206), ('r', 0.26821119305440033), ('readal', 0.804633579163201), ('releas', 0.013190714412511491), ('releas', 0.013190714412511491), ('releas', 0.013190714412511491), ('releas', 0.013190714412511491), ('releas', 0.01582885729501379), ('releas', 0.01582885729501379), ('releas', 0.01582885729501379), ('releas', 0.01582885729501379), ('releas', 0.01582885729501379), ('releas', 0.01582885729501379), ('releas', 0.01582885729501379), ('releas', 0.01582885729501379), ('releas', 0.01582885729501379), ('releas', 0.019786071618767238), ('repositori', 0.003986623843913465), ('repositori', 0.003986623843913465), ('repositori', 0.003986623843913465), ('restart', 0.9655602949958413), ('rpcbind', 3.218534316652804), ('rpmbuild', 0.29259402878661855), ('rubi', 0.6437068633305608), ('sambasmb', 1.609267158326402), ('segment', 0.48278014749792064), ('server', 0.09852656071386134), ('server', 0.17242148124925735), ('shell', 1.3793718499940588), ('softwar', 0.13793718499940588), ('sp1', 0.018932554803840023), ('sp1', 0.018932554803840023), ('sp1', 0.018932554803840023), ('sp1', 0.018932554803840023), ('sp1', 0.028398832205760036), ('sp1', 0.05679766441152007), ('sp1netinstalliso', 1.609267158326402), ('sp1openeuler2003ltssp1', 1.609267158326402), ('sp2', 0.04388910431799278), ('sp2', 0.05851880575732371), ('sp2cloudinit', 4.827801474979206), ('sp2ipv4ipv6httpaudit', 4.827801474979206), ('sp2openeul', 0.05081896289451796), ('sp2pkgship', 1.609267158326402), ('sp2sp2', 1.2069503687448015), ('sp2stratovirt', 0.9655602949958413), ('srcrpmmake', 2.413900737489603), ('stat', 0.804633579163201), ('stop', 0.48278014749792064), ('support', 0.031761851809073725), ('sy', 0.804633579163201), ('sysdevicessystemnodenode0hugepag', 1.2069503687448015), ('taishan', 0.0804633579163201), ('taishan', 0.11494765416617156), ('taishan', 0.20115839479080025), ('taishan', 0.4023167895816005), ('testorderbynul', 4.827801474979206), ('testrb', 1.609267158326402), ('toolsswtpm', 1.2069503687448015), ('ukui', 0.24757956281944649), ('ultraisoopeneul', 2.413900737489603), ('umount', 0.6437068633305608), ('unabl', 0.6437068633305608), ('updat', 0.004847190235922897), ('updat', 0.004847190235922897), ('updat', 0.004847190235922897), ('updat', 0.004847190235922897), ('updat', 0.0058166282831074775), ('updat', 0.0058166282831074775), ('updat', 0.0058166282831074775), ('updat', 0.0058166282831074775), ('updat', 0.0058166282831074775), ('updat', 0.0058166282831074775), ('updat', 0.0058166282831074775), ('updat', 0.0058166282831074775), ('updat', 0.0058166282831074775), ('updat', 0.007270785353884346), ('updat', 0.007270785353884346), ('update2101', 4.827801474979206), ('updatearmx86', 1.2069503687448015), ('updatedb', 1.9311205899916826), ('updatemaven', 1.2069503687448015), ('updateopenvswitchopenvswitchkmodov', 1.609267158326402), ('updateopenvswitchopenvswitchkmodov', 1.609267158326402), ('usb', 0.26821119305440033), ('usb', 0.804633579163201), ('usbwin10usb', 2.413900737489603), ('v2', 0.19311205899916828), ('v2watchdog', 1.609267158326402), ('vmlinux', 1.0728447722176013), ('vmware', 1.0728447722176013), ('wildflycorefeaturepack', 2.413900737489603), ('workstat', 1.609267158326402), ('would', 0.804633579163201), ('x86', 0.0772448235996673), ('x86', 0.19311205899916825), ('x86', 0.3862241179983365), ('x86arm', 0.35761492407253376), ('x86arm', 0.35761492407253376), ('x86filescgrouparm', 0.9655602949958413), ('x86scsi15virtioblk', 4.827801474979206), ('xfsaild', 0.9655602949958413), ('xfshung', 0.9655602949958413), ('xfsprogsbigtim', 4.827801474979206), ('yum', 0.041799146969516934), ('yumclanggccg', 4.827801474979206), ('——', 0.6896859249970294), ('……', 1.609267158326402), ('（', 0.012539744090855082), ('（', 0.025079488181710165), ('）', 0.01270474072362949), ('）', 0.02540948144725898)]"
Chuan-Zheng,"[('2103tl', 2.413900737489603), ('aarch64', 0.4023167895816005), ('openeul', 0.006966524494919489), ('patchapplyhunk', 4.827801474979206)]"
Classicriver_jia,"[('2009beta', 0.20115839479080025), ('2009betax86arm', 0.3218534316652804), ('2009etcopeneulerlatest', 4.827801474979206), ('2103', 0.01849732365892416), ('2103armx86', 0.3017375921862004), ('2103x86armltpsemctl09proc01tpci', 4.827801474979206), ('armx86ltpmovepages12dirtyc0wshmctl02', 2.413900737489603), ('c', 0.3448429624985147), ('cgroup', 0.26821119305440033), ('devcgroup', 0.804633579163201), ('devcgroupmount', 0.804633579163201), ('enabl', 0.17880746203626688), ('failedtun', 1.609267158326402), ('iopeneuler2003lt', 0.6437068633305608), ('load', 0.10163792578903592), ('lt', 0.031147106290188426), ('megaraidecho', 1.2069503687448015), ('memoryltpcgroup', 0.804633579163201), ('oetestsystemlogviewshvarlogmessag', 4.827801474979206), ('openeuleryumconfigmanag', 1.609267158326402), ('procsysrqtriggerkdumpvmcor', 1.2069503687448015), ('repositori', 0.0026577492292756432), ('sambasmb', 1.609267158326402), ('systemctl', 0.4023167895816005), ('updateisuladisula', 0.9655602949958413), ('uptdatelt', 2.413900737489603), ('x86arm', 0.17880746203626688), ('x86arm', 0.21456895444352028), ('x86arm', 0.35761492407253376)]"
Clergy97,[]
Clerk_duan,[]
Gongchen,[]
Grooooot,"[('bad', 0.4023167895816005), ('build', 0.030555705537843078), ('rpm', 0.04827801474979206), ('sourc', 0.002980124367271115)]"
HuaxinLuGitee,"[('140', 0.21456895444352028), ('2003', 0.3017375921862004), ('2003lt', 0.00924866182946208), ('2003ltssp1updatearmx86dovecot', 4.827801474979206), ('2003pxelibtinfoso6', 4.827801474979206), ('2003sp1armx86ltssp1', 4.827801474979206), ('2003sp1dbrootcannot', 2.413900737489603), ('2003sp1reboot', 2.413900737489603), ('2003sp1x86', 0.9655602949958413), ('2009betaarmx86tangdsocket', 4.827801474979206), ('2103armx86', 0.6034751843724008), ('2103armx86', 0.6034751843724008), ('2103freeradiussqlitesystemctl', 4.827801474979206), ('9c84d68', 1.2069503687448015), ('armx86update1102', 2.413900737489603), ('avcdeniedgetattr', 1.2069503687448015), ('commlogin', 1.2069503687448015), ('disabl', 0.48278014749792064), ('lt', 0.07786776572547106), ('ltssp1ltssp1', 2.413900737489603), ('memcach', 1.2069503687448015), ('onlt', 0.09655602949958414), ('onlt', 0.12069503687448016), ('openetctarget', 2.413900737489603), ('openeul', 0.0034832622474597445), ('pam', 0.48278014749792064), ('pid15247', 1.2069503687448015), ('prevent', 2.413900737489603), ('rpmmacro', 2.413900737489603), ('selinux', 0.43889104317992783), ('selinuxpolici', 0.6034751843724008), ('selinuxselinux', 2.413900737489603), ('selinuxsystemdresolvedservicenfssmb', 2.413900737489603), ('sp1', 0.028398832205760036), ('sp2armx86selinuxavc', 1.2069503687448015), ('sp2selinuxselinux', 1.609267158326402), ('standardtouchautorelabel', 2.413900737489603), ('updat', 0.0058166282831074775), ('updat', 0.007270785353884346), ('updat', 0.007270785353884346), ('update20210407ssh', 2.413900737489603), ('version', 0.007398929463569665)]"
HukunaMatata,[]
Jacean,"[('2009404', 4.827801474979206), ('arm64rpm', 4.827801474979206), ('k8scaliconod', 4.827801474979206), ('stratovirtisula', 4.827801474979206)]"
Kenneth-Lee-2012,"[('air', 0.9655602949958413), ('arm', 0.05851880575732371), ('desktopopeneul', 0.9655602949958413), ('m1parallel', 0.9655602949958413), ('macbook', 0.9655602949958413), ('mip', 1.609267158326402), ('ppc', 1.609267158326402), ('qemusystemriscv', 1.609267158326402), ('virtinstal', 4.827801474979206)]"
KeyboardXia,"[('bug', 0.06896859249970294), ('fuzz', 0.08396176478224707), ('fuzzsyzkaller2003lt', 0.6437068633305608), ('kernel', 0.04710050219491909), ('useafterfre', 0.1609267158326402)]"
LemmyHuang,"[('10', 0.45979061666468624), ('2003lt', 0.01849732365892416), ('2003ltssp1dpdk', 2.413900737489603), ('2003ltssp1lwip', 1.2069503687448015), ('cve202010722', 4.827801474979206), ('cve202010723', 4.827801474979206), ('cve202010724', 4.827801474979206), ('cve202010725', 4.827801474979206), ('cve202010726', 4.827801474979206), ('cve202014374', 4.827801474979206), ('cve202014375', 4.827801474979206), ('cve202014376', 4.827801474979206), ('cve202014377', 4.827801474979206), ('cve202014378', 4.827801474979206), ('ethernetpmd', 1.609267158326402), ('gigabit', 1.609267158326402), ('i40', 0.804633579163201), ('iavf', 0.48278014749792064), ('igbuiokortekniko', 2.413900737489603), ('openeul', 0.0034832622474597445), ('openeul', 0.006966524494919489)]"
MrRlu,"[('architectur', 0.4023167895816005), ('bashreadlin', 0.9655602949958413), ('bcc', 0.38622411799833656), ('bug', 0.06896859249970294), ('command', 0.0772448235996673), ('design', 0.4023167895816005), ('dpdkspdk', 4.827801474979206), ('fail', 0.018568467211458488), ('file', 0.0020267848341642344), ('file', 0.0020267848341642344), ('file', 0.0020267848341642344), ('file', 0.0020267848341642344), ('file', 0.0020267848341642344), ('file', 0.0020267848341642344), ('file', 0.0020267848341642344), ('gazellecni', 0.804633579163201), ('list', 0.06437068633305608), ('mail', 0.1485477376916679), ('no55', 4.827801474979206), ('pl', 0.804633579163201), ('provid', 0.034984068659269604), ('repositori', 0.0019933119219567325), ('repositori', 0.0019933119219567325), ('repositori', 0.0019933119219567325), ('repositori', 0.0019933119219567325), ('repositori', 0.0019933119219567325), ('repositori', 0.0019933119219567325), ('repositori', 0.0019933119219567325), ('roadmap', 0.4023167895816005), ('sp1', 0.02271906576460803), ('spec', 0.001957745934703652), ('spec', 0.001957745934703652), ('submit', 0.0021249126210295803), ('submit', 0.0021249126210295803), ('submit', 0.0021249126210295803), ('submit', 0.0021249126210295803), ('submit', 0.0021249126210295803), ('submit', 0.0021249126210295803), ('submit', 0.0021249126210295803), ('subscrib', 0.6437068633305608), ('tc', 0.3218534316652804), ('yaml', 0.0027745985488386244), ('yaml', 0.0027745985488386244), ('yaml', 0.0027745985488386244), ('yaml', 0.0027745985488386244), ('yaml', 0.0027745985488386244)]"
RickyZ5351,"[('100', 0.6034751843724008), ('2003sp1nginxcpu', 2.413900737489603)]"
Ronnie_Jiang,"[('2003lt', 0.007398929463569665), ('2003lt', 0.007398929463569665), ('2003lt', 0.007398929463569665), ('2003lt', 0.007398929463569665), ('2003lt', 0.007398929463569665), ('2003ltscriu', 2.413900737489603), ('20200829', 0.9655602949958413), ('20200930', 0.9655602949958413), ('20201030', 0.9655602949958413), ('20201130', 0.9655602949958413), ('20210210', 0.9655602949958413), ('openeul', 0.002786609797967796), ('openeul', 0.002786609797967796), ('openeul', 0.002786609797967796), ('openeul', 0.002786609797967796), ('openeul', 0.002786609797967796), ('openeul', 0.006966524494919489), ('openeuler2003ltskmod', 4.827801474979206), ('releas', 0.01582885729501379), ('releas', 0.01582885729501379), ('releas', 0.01582885729501379), ('releas', 0.01582885729501379), ('releas', 0.01582885729501379), ('updat', 0.0058166282831074775), ('updat', 0.0058166282831074775), ('updat', 0.0058166282831074775), ('updat', 0.0058166282831074775), ('updat', 0.0058166282831074775), ('ｖｍ', 4.827801474979206)]"
RootWB,[]
Rudy_Tan,[]
Shaojie-Zhang,[]
Shinwell_Hu,[]
SupMario,[]
SuperSix173,"[('2003lt', 0.01849732365892416), ('2003ltssp2armirqbalancec', 0.9655602949958413), ('2021alt', 2.413900737489603), ('2103irqbal', 4.827801474979206), ('file', 0.0016214278673313876), ('latest', 0.02315492314138708), ('open', 0.10728447722176014), ('openeul', 0.006966524494919489), ('pid', 0.17555641727197113), ('releas', 0.026381428825022982), ('runirqbalancepid', 0.6437068633305608), ('tzdata', 2.413900737489603), ('upgrad', 0.011789502991402212)]"
TommyLike,"[('access', 0.804633579163201), ('add', 0.01609267158326402), ('banner', 0.804633579163201), ('binari', 0.4023167895816005), ('blog', 0.20115839479080025), ('bool', 2.413900737489603), ('bot', 0.22989530833234312), ('check', 0.037136934422916976), ('chines', 0.45979061666468624), ('ci', 0.08469827149086326), ('ci', 0.10163792578903592), ('cibot', 0.804633579163201), ('cibot', 1.609267158326402), ('cibotpr', 4.827801474979206), ('cla', 0.9655602949958413), ('connent', 1.2069503687448015), ('constantli', 0.804633579163201), ('cover', 0.804633579163201), ('doesnt', 0.14629701439330928), ('email', 0.24139007374896032), ('exist', 0.13410559652720017), ('figur', 1.2069503687448015), ('gb2312', 4.827801474979206), ('gite', 0.11494765416617156), ('guidanc', 0.1253974409085508), ('homepag', 0.48278014749792064), ('hotmail', 4.827801474979206), ('integr', 0.804633579163201), ('iso', 0.5364223861088007), ('issu', 0.051359590159353256), ('issu', 0.051359590159353256), ('isula', 0.06352370361814745), ('jdk', 1.2069503687448015), ('jenkinsvm', 2.413900737489603), ('keep', 0.804633579163201), ('list', 0.045979061666468625), ('list', 0.06437068633305608), ('list', 0.10728447722176013), ('log', 0.22989530833234312), ('lost', 0.6437068633305608), ('mail', 0.10610552692261992), ('mail', 0.1485477376916679), ('mail', 0.24757956281944649), ('maillist', 0.18568467211458486), ('maillist', 0.18568467211458486), ('new', 0.17242148124925735), ('ob', 0.05887562774364886), ('ob', 0.11775125548729772), ('ob', 0.11775125548729772), ('ob', 0.23550251097459543), ('obss', 0.804633579163201), ('openeul', 0.0034832622474597445), ('openeul', 0.006966524494919489), ('openeul', 0.013933048989838978), ('openeul', 0.013933048989838978), ('outgmail', 1.2069503687448015), ('pr', 0.13048112094538394), ('project', 0.17242148124925735), ('ptr', 1.2069503687448015), ('randomli', 0.9655602949958413), ('repositori', 0.0015946495375653862), ('request', 0.24139007374896032), ('requir', 0.1508687960931002), ('respons', 0.3448429624985147), ('right', 0.6034751843724008), ('seem', 0.4023167895816005), ('sigrepo', 4.827801474979206), ('srcopeneul', 0.48278014749792064), ('subscript', 0.3448429624985147), ('support', 0.018149629605184986), ('tcopeneulerorg', 1.2069503687448015), ('token', 0.5364223861088007), ('updat', 0.007270785353884346), ('welcom', 1.2069503687448015), ('work', 0.14629701439330928), ('yaml', 0.0022196788390708997), ('？？', 2.413900737489603)]"
TrueAI,[]
Yika,[]
ZhengZhenyu,[]
ZhengyuhangHans,[]
air9,"[('120', 0.20115839479080025), ('2003ltsarm', 2.413900737489603), ('2003ltsarmx86', 4.827801474979206), ('200kdumpkdump', 2.413900737489603), ('2280', 0.45979061666468624), ('anaconda3319', 3.218534316652804), ('anaconda3319k', 0.9655602949958413), ('anaconda3319kdumpkdump', 4.827801474979206), ('autostep', 0.9655602949958413), ('check', 0.03094744535243081), ('configur', 0.27587436999881176), ('dhclient', 1.0728447722176013), ('error', 0.015623952993460213), ('fail', 0.015473722676215405), ('glibcdebugutilsprovid', 4.827801474979206), ('gpg', 0.5364223861088007), ('grubcfgrpm', 0.9655602949958413), ('kdump', 1.2069503687448015), ('kernel', 0.04710050219491909), ('lnetworkip', 2.413900737489603), ('networkmanag', 0.5364223861088007), ('networkscriptsgrep', 2.413900737489603), ('pamssh', 4.827801474979206), ('path', 0.9655602949958413), ('pxe', 0.9655602949958413), ('qkernel', 0.9655602949958413), ('rh2288v5x86legacyuefi', 4.827801474979206), ('rootdhcpdleas', 2.413900737489603), ('selinuxscriptletuseraddgroupaddrpmsss', 4.827801474979206), ('sp2', 0.029259402878661855), ('sshscpifconfig', 4.827801474979206), ('storag', 0.38622411799833656), ('susu', 4.827801474979206), ('systemkmodkvdo', 4.827801474979206), ('taishan', 0.26821119305440033), ('taishan', 0.4023167895816005), ('unus', 1.2069503687448015), ('updat', 0.0058166282831074775), ('v2kdumppan', 1.609267158326402), ('varlibdhcpd', 2.413900737489603), ('watchdog', 0.9655602949958413), ('x86kdump', 3.218534316652804), ('yum', 0.020899573484758467), ('yum', 0.025079488181710165)]"
alec-z,"[('firefox79fdkaacfreelicens', 3.218534316652804), ('licens', 0.17242148124925735)]"
algorithmofdish,"[('2003ltsarm', 2.413900737489603)]"
allesgute,"[('4b', 0.48278014749792064), ('no1', 1.2069503687448015), ('openeul', 0.0034832622474597445), ('xfce', 0.3017375921862004)]"
amy_Mayun,[]
anchuanxu,"[('02260311', 1.2069503687448015), ('03120325', 1.2069503687448015), ('03260407', 1.2069503687448015), ('04080422', 1.2069503687448015), ('05140527', 1.2069503687448015), ('10th', 2.413900737489603), ('2003ltssp2', 0.11098394195354497), ('20th', 1.609267158326402), ('2103', 0.03699464731784832), ('5th', 1.609267158326402), ('6th', 1.0728447722176013), ('6th', 1.0728447722176013), ('6１', 1.609267158326402), ('9th', 2.413900737489603), ('add', 0.01609267158326402), ('em', 4.827801474979206), ('guid', 0.19311205899916828), ('inact', 0.24139007374896032), ('master', 0.0012946638441885777), ('master', 0.0012946638441885777), ('master', 0.0012946638441885777), ('may', 0.003759969996089724), ('may', 0.003759969996089724), ('may', 0.003759969996089724), ('openeul', 0.002786609797967796), ('openeul', 0.004644349663279659), ('openeul', 0.004644349663279659), ('openeul', 0.013933048989838978), ('openeulerrk3399', 4.827801474979206), ('port', 0.38622411799833656), ('repositori', 0.003986623843913465), ('ro', 0.17555641727197113), ('ro', 0.29259402878661855), ('ro', 0.29259402878661855), ('ro', 0.29259402878661855), ('ro', 0.29259402878661855), ('ro', 0.29259402878661855), ('ro', 0.8777820863598557), ('ro', 0.8777820863598557), ('rosbas', 1.609267158326402), ('rossig', 0.06524056047269197), ('rossig', 0.06524056047269197), ('rossig', 0.06524056047269197), ('rossig', 0.06524056047269197), ('rossig', 0.06524056047269197), ('rossig', 0.13048112094538394), ('rossig', 0.13048112094538394), ('rossig', 0.2609622418907679), ('rossig', 0.2609622418907679), ('rossig', 0.2609622418907679), ('rossig06150630', 4.827801474979206), ('rossig07010715', 4.827801474979206), ('rossig07160730', 4.827801474979206), ('sig', 0.05851880575732371), ('sig', 0.05851880575732371), ('sig', 0.05851880575732371), ('sig', 0.05851880575732371), ('sourc', 0.001986749578180743), ('sourc', 0.001986749578180743), ('sourc', 0.001986749578180743), ('spec', 0.0013051639564691012), ('spec', 0.0013051639564691012), ('spec', 0.0013051639564691012), ('url', 0.0020684667844812366), ('url', 0.0020684667844812366), ('url', 0.0020684667844812366), ('wrong', 0.0037251554590888936), ('wrong', 0.0037251554590888936), ('wrong', 0.0037251554590888936), ('（', 0.031349360227137704), ('（', 0.031349360227137704), ('（', 0.031349360227137704), ('（', 0.031349360227137704), ('（', 0.031349360227137704), ('）', 0.031761851809073725), ('）', 0.031761851809073725), ('）', 0.031761851809073725), ('）', 0.031761851809073725), ('）', 0.031761851809073725), ('－', 1.609267158326402), ('６15', 1.609267158326402)]"
angela7,"[('2003ltssp1rustclippyclippydriv', 4.827801474979206), ('2003ltssp1rustv', 4.827801474979206), ('20120815', 2.413900737489603), ('20120838', 2.413900737489603), ('20121131', 2.413900737489603), ('20121950', 2.413900737489603), ('atetcatallow', 4.827801474979206), ('check', 0.09284233605729243), ('cve', 0.1270474072362949), ('cve', 0.1270474072362949), ('cve', 0.1270474072362949), ('cve', 0.1270474072362949), ('cve20042771', 4.827801474979206), ('cve20092464', 4.827801474979206), ('cve20093606', 4.827801474979206), ('cve20094881', 4.827801474979206), ('cve20102541', 4.827801474979206), ('cve20103856', 4.827801474979206), ('cve20113670', 4.827801474979206), ('cve20114966', 4.827801474979206), ('cve20115034', 4.827801474979206), ('cve20131775', 4.827801474979206), ('cve20131965', 4.827801474979206), ('cve20132005', 4.827801474979206), ('cve20132777', 4.827801474979206), ('cve20134541', 4.827801474979206), ('cve20135211', 4.827801474979206), ('cve20140106', 4.827801474979206), ('cve20140116', 4.827801474979206), ('cve20140223', 4.827801474979206), ('cve20140231', 4.827801474979206), ('cve20143616', 4.827801474979206), ('cve20144715', 3.218534316652804), ('cve20149512', 4.827801474979206), ('cve20150830', 4.827801474979206), ('cve20150899', 4.827801474979206), ('cve20157974', 4.827801474979206), ('cve20158239', 4.827801474979206), ('cve20160785', 4.827801474979206), ('cve201610228', 4.827801474979206), ('cve20161181', 4.827801474979206), ('cve20162112', 4.827801474979206), ('cve20162317', 4.827801474979206), ('cve20162848', 4.827801474979206), ('cve20163087', 4.827801474979206), ('cve20163189', 4.827801474979206), ('cve20163720', 4.827801474979206), ('cve20164954', 4.827801474979206), ('cve20167032', 4.827801474979206), ('cve20171000368', 4.827801474979206), ('cve201711139', 4.827801474979206), ('cve201711509', 4.827801474979206), ('cve201714733', 4.827801474979206), ('cve20176460', 4.827801474979206), ('cve20176500', 4.827801474979206), ('cve20181000097', 4.827801474979206), ('cve201811784', 3.218534316652804), ('cve201813873', 4.827801474979206), ('cve20187170', 4.827801474979206), ('cve20187183', 4.827801474979206), ('cve20190201', 4.827801474979206), ('cve20190228', 4.827801474979206), ('cve201910086', 4.827801474979206), ('cve20191010220', 4.827801474979206), ('cve201910182', 4.827801474979206), ('cve201910241', 4.827801474979206), ('cve201911038', 4.827801474979206), ('cve201911045', 3.218534316652804), ('cve201911712', 4.827801474979206), ('cve201911718', 4.827801474979206), ('cve201911724', 4.827801474979206), ('cve201911744', 4.827801474979206), ('cve201911745', 4.827801474979206), ('cve201911747', 4.827801474979206), ('cve201911750', 4.827801474979206), ('cve201911756', 3.218534316652804), ('cve201912155', 3.218534316652804), ('cve201912155', 3.218534316652804), ('cve201912211', 4.827801474979206), ('cve201912213', 4.827801474979206), ('cve201912749', 4.827801474979206), ('cve201913045', 4.827801474979206), ('cve201913164', 4.827801474979206), ('cve201913232', 4.827801474979206), ('cve201913616', 4.827801474979206), ('cve201913960', 4.827801474979206), ('cve201914204', 4.827801474979206), ('cve201914241', 4.827801474979206), ('cve201914540', 3.218534316652804), ('cve201914744', 4.827801474979206), ('cve201914850', 4.827801474979206), ('cve201914851', 4.827801474979206), ('cve201914859', 4.827801474979206), ('cve201914893', 3.218534316652804), ('cve201914900', 2.413900737489603), ('cve201917025', 4.827801474979206), ('cve201917195', 4.827801474979206), ('cve201917514', 4.827801474979206), ('cve201918609', 4.827801474979206), ('cve201918934', 4.827801474979206), ('cve201919481', 4.827801474979206), ('cve201919646', 4.827801474979206), ('cve201925031', 4.827801474979206), ('cve201925032', 4.827801474979206), ('cve201925033', 4.827801474979206), ('cve201925034', 4.827801474979206), ('cve201925035', 4.827801474979206), ('cve201925036', 4.827801474979206), ('cve201925037', 4.827801474979206), ('cve201925038', 4.827801474979206), ('cve201925039', 4.827801474979206), ('cve201925041', 4.827801474979206), ('cve201925042', 4.827801474979206), ('cve20192593', 4.827801474979206), ('cve20192681', 4.827801474979206), ('cve20192991', 4.827801474979206), ('cve20193825', 4.827801474979206), ('cve20196468', 4.827801474979206), ('cve20196469', 4.827801474979206), ('cve20196477', 4.827801474979206), ('cve20196978', 4.827801474979206), ('cve20197164', 4.827801474979206), ('cve20199799', 4.827801474979206), ('cve20199802', 4.827801474979206), ('cve20199819', 4.827801474979206), ('cve20199820', 4.827801474979206), ('cve20199904', 4.827801474979206), ('cve20199923', 4.827801474979206), ('cve202010531', 4.827801474979206), ('cve202011076', 4.827801474979206), ('cve202011077', 4.827801474979206), ('cve202011945', 4.827801474979206), ('cve202012278', 4.827801474979206), ('cve202012279', 4.827801474979206), ('cve202012351', 4.827801474979206), ('cve202012387', 4.827801474979206), ('cve202012390', 4.827801474979206), ('cve202012391', 4.827801474979206), ('cve202012392', 3.218534316652804), ('cve202012394', 4.827801474979206), ('cve202012395', 4.827801474979206), ('cve202012396', 4.827801474979206), ('cve202012399', 4.827801474979206), ('cve202012402', 3.218534316652804), ('cve202012405', 4.827801474979206), ('cve202012406', 4.827801474979206), ('cve202012407', 4.827801474979206), ('cve202012408', 4.827801474979206), ('cve202012409', 4.827801474979206), ('cve202012410', 4.827801474979206), ('cve202012411', 4.827801474979206), ('cve202012412', 4.827801474979206), ('cve202012415', 4.827801474979206), ('cve202012416', 4.827801474979206), ('cve202012417', 4.827801474979206), ('cve202012419', 4.827801474979206), ('cve202012420', 4.827801474979206), ('cve202012422', 4.827801474979206), ('cve202012424', 4.827801474979206), ('cve202013817', 4.827801474979206), ('cve202014058', 4.827801474979206), ('cve202014061', 4.827801474979206), ('cve202014326', 4.827801474979206), ('cve202014672', 4.827801474979206), ('cve202014765', 4.827801474979206), ('cve202014769', 4.827801474979206), ('cve202014771', 4.827801474979206), ('cve202014773', 4.827801474979206), ('cve202014775', 4.827801474979206), ('cve202014776', 4.827801474979206), ('cve202014777', 4.827801474979206), ('cve202014785', 4.827801474979206), ('cve202014786', 4.827801474979206), ('cve202014789', 4.827801474979206), ('cve202014790', 4.827801474979206), ('cve202014791', 4.827801474979206), ('cve202014793', 4.827801474979206), ('cve202014794', 4.827801474979206), ('cve202014799', 4.827801474979206), ('cve202014800', 4.827801474979206), ('cve202014804', 4.827801474979206), ('cve202014809', 4.827801474979206), ('cve202014812', 4.827801474979206), ('cve202014814', 4.827801474979206), ('cve202014821', 4.827801474979206), ('cve202014827', 4.827801474979206), ('cve202014828', 4.827801474979206), ('cve202014829', 4.827801474979206), ('cve202014830', 4.827801474979206), ('cve202014836', 4.827801474979206), ('cve202014837', 4.827801474979206), ('cve202014838', 4.827801474979206), ('cve202014839', 4.827801474979206), ('cve202014844', 4.827801474979206), ('cve202014845', 4.827801474979206), ('cve202014846', 4.827801474979206), ('cve202014848', 4.827801474979206), ('cve202014852', 4.827801474979206), ('cve202014860', 4.827801474979206), ('cve202014861', 4.827801474979206), ('cve202014866', 4.827801474979206), ('cve202014867', 4.827801474979206), ('cve202014868', 4.827801474979206), ('cve202014869', 4.827801474979206), ('cve202014870', 4.827801474979206), ('cve202014873', 4.827801474979206), ('cve202014878', 4.827801474979206), ('cve202014888', 4.827801474979206), ('cve202014891', 4.827801474979206), ('cve202014893', 4.827801474979206), ('cve202015049', 4.827801474979206), ('cve202015810', 4.827801474979206), ('cve202015811', 4.827801474979206), ('cve202015890', 4.827801474979206), ('cve202016120', 4.827801474979206), ('cve202016125', 4.827801474979206), ('cve20201971', 4.827801474979206), ('cve202020178', 3.218534316652804), ('cve202024455', 4.827801474979206), ('cve202024490', 4.827801474979206), ('cve202024606', 4.827801474979206), ('cve202025645', 4.827801474979206), ('cve202025676', 3.218534316652804), ('cve202025676', 3.218534316652804), ('cve202025678', 4.827801474979206), ('cve202025694', 3.218534316652804), ('cve202026298', 4.827801474979206), ('cve202026976', 4.827801474979206), ('cve202026979', 4.827801474979206), ('cve202027218', 4.827801474979206), ('cve202027223', 3.218534316652804), ('cve20202752', 4.827801474979206), ('cve202027569', 4.827801474979206), ('cve202027617', 4.827801474979206), ('cve202027673', 4.827801474979206), ('cve202027752', 4.827801474979206), ('cve202027775', 4.827801474979206), ('cve202027781', 3.218534316652804), ('cve202027813', 4.827801474979206), ('cve202028463', 4.827801474979206), ('cve202028473', 4.827801474979206), ('cve202028896', 4.827801474979206), ('cve202029361', 4.827801474979206), ('cve202029362', 4.827801474979206), ('cve202029363', 4.827801474979206), ('cve202029369', 4.827801474979206), ('cve202029372', 4.827801474979206), ('cve202029534', 4.827801474979206), ('cve202035512', 4.827801474979206), ('cve202036277', 4.827801474979206), ('cve202036278', 4.827801474979206), ('cve202036279', 4.827801474979206), ('cve202036280', 4.827801474979206), ('cve202036281', 4.827801474979206), ('cve20205258', 4.827801474979206), ('cve20206831', 4.827801474979206), ('cve20207071', 4.827801474979206), ('cve20208032', 4.827801474979206), ('cve20208277', 4.827801474979206), ('cve20208432', 4.827801474979206), ('cve20208450', 4.827801474979206), ('cve202120227', 3.218534316652804), ('cve202120227', 3.218534316652804), ('cve202121261', 4.827801474979206), ('cve202121284', 2.413900737489603), ('cve202121284', 2.413900737489603), ('cve202121295', 3.218534316652804), ('cve202121300', 4.827801474979206), ('cve202121341', 4.827801474979206), ('cve202121342', 4.827801474979206), ('cve202121343', 4.827801474979206), ('cve202121344', 4.827801474979206), ('cve202121345', 4.827801474979206), ('cve202121346', 4.827801474979206), ('cve202121347', 4.827801474979206), ('cve202121348', 4.827801474979206), ('cve202121349', 4.827801474979206), ('cve202121350', 4.827801474979206), ('cve202121351', 4.827801474979206), ('cve202121702', 4.827801474979206), ('cve202122880', 3.218534316652804), ('cve202122885', 3.218534316652804), ('cve202123336', 3.218534316652804), ('cve202123840', 4.827801474979206), ('cve202123841', 4.827801474979206), ('cve202123953', 4.827801474979206), ('cve202123954', 4.827801474979206), ('cve202123955', 4.827801474979206), ('cve202123956', 4.827801474979206), ('cve202123957', 4.827801474979206), ('cve202123958', 4.827801474979206), ('cve202123959', 4.827801474979206), ('cve202123960', 4.827801474979206), ('cve202123961', 4.827801474979206), ('cve202123962', 4.827801474979206), ('cve202123963', 4.827801474979206), ('cve202123964', 4.827801474979206), ('cve202123965', 4.827801474979206), ('cve202123968', 4.827801474979206), ('cve202123969', 4.827801474979206), ('cve202123970', 4.827801474979206), ('cve202123971', 4.827801474979206), ('cve202123972', 4.827801474979206), ('cve202123973', 4.827801474979206), ('cve202123974', 4.827801474979206), ('cve202123975', 4.827801474979206), ('cve202123976', 4.827801474979206), ('cve202123978', 4.827801474979206), ('cve202123979', 4.827801474979206), ('cve202123981', 4.827801474979206), ('cve202123982', 4.827801474979206), ('cve202123983', 4.827801474979206), ('cve202123984', 4.827801474979206), ('cve202123985', 4.827801474979206), ('cve202123986', 4.827801474979206), ('cve202123987', 4.827801474979206), ('cve202123988', 4.827801474979206), ('cve202125216', 4.827801474979206), ('cve202125289', 4.827801474979206), ('cve202126720', 4.827801474979206), ('cve202126926', 4.827801474979206), ('cve202126927', 4.827801474979206), ('cve202127219', 2.413900737489603), ('cve202127358', 3.218534316652804), ('cve202127803', 4.827801474979206), ('cve202127807', 3.218534316652804), ('cve202127928', 4.827801474979206), ('cve202128041', 4.827801474979206), ('cve202128153', 3.218534316652804), ('cve202128153', 3.218534316652804), ('cve202128660', 3.218534316652804), ('cve202128831', 3.218534316652804), ('cve202128902', 4.827801474979206), ('cve202128903', 3.218534316652804), ('cve202128903', 3.218534316652804), ('cve202128904', 3.218534316652804), ('cve202128906', 4.827801474979206), ('cve202129514', 3.218534316652804), ('cve202129533', 3.218534316652804), ('cve202129535', 3.218534316652804), ('cve202129537', 3.218534316652804), ('cve202129538', 3.218534316652804), ('cve202129538', 3.218534316652804), ('cve202129539', 3.218534316652804), ('cve202129540', 3.218534316652804), ('cve202129566', 3.218534316652804), ('cve202129618', 3.218534316652804), ('cve202130123', 3.218534316652804), ('cve202130129', 3.218534316652804), ('cve202130129', 3.218534316652804), ('cve202130459', 4.827801474979206), ('cve202130640', 4.827801474979206), ('cve20213185', 4.827801474979206), ('cve202133516', 4.827801474979206), ('cve202133909', 4.827801474979206), ('cve20213449', 3.218534316652804), ('cve20213449', 3.218534316652804), ('cve20213450', 4.827801474979206), ('cve20213517', 4.827801474979206), ('cve20213518', 4.827801474979206), ('cve20213531', 4.827801474979206), ('cve20213537', 4.827801474979206), ('cve20213569', 4.827801474979206), ('sp2pythonbeautifulsoup4', 2.413900737489603)]"
ba_a_ge,"[('chang', 0.09466277401920012), ('edit', 0.4023167895816005), ('enforc', 0.26821119305440033), ('etcselinuxconfig', 0.804633579163201), ('mode', 0.17880746203626688), ('perman', 0.804633579163201)]"
baizhilaoda,"[('2003ltssp1x86', 2.413900737489603), ('2003ltsx86', 2.413900737489603), ('2003sp1dbrootcannot', 2.413900737489603), ('2003sp1tune', 4.827801474979206), ('2003sp1x86', 0.9655602949958413), ('2003sp1x86arm', 0.6034751843724008), ('2009beta2009gui', 4.827801474979206), ('2009beta2009raid', 4.827801474979206), ('2009betamdmonitor', 4.827801474979206), ('2009betax86', 0.38622411799833656), ('2009betax86arm', 0.24139007374896032), ('2103', 0.11098394195354497), ('2103armacpi', 0.6896859249970294), ('2103lmsensor', 4.827801474979206), ('2103raidlvm2pvscan', 4.827801474979206), ('base', 0.38622411799833656), ('channel', 0.3448429624985147), ('core', 0.3218534316652804), ('cppc', 0.6896859249970294), ('devvda1', 1.2069503687448015), ('everythingkdump', 2.413900737489603), ('fail', 0.01326319086532749), ('find', 0.15326353888822875), ('integrationtest', 4.827801474979206), ('langlocal', 1.2069503687448015), ('localectl', 0.804633579163201), ('ltsarmx86updateftsetmmweightvector', 4.827801474979206), ('ltssp1ltssp1', 2.413900737489603), ('minim', 0.6437068633305608), ('oetestcriueverythingcriu', 4.827801474979206), ('openetctarget', 2.413900737489603), ('pcc', 0.6896859249970294), ('pxekspackag', 0.9655602949958413), ('raidmessageprocess', 1.2069503687448015), ('setlocal', 1.2069503687448015), ('subspac', 0.6896859249970294), ('update20210407ssh', 2.413900737489603), ('usrsbinmdadm', 1.2069503687448015)]"
barrysong,[]
biannm,[]
bingo2008,[]
bitcoffee,"[('2003ltsnextopeneulerraid', 4.827801474979206), ('2003ltsopeneulerraid', 4.827801474979206), ('2003ltssp1anaconda', 1.2069503687448015), ('2003ltssp1anaconda——', 1.609267158326402), ('2003ltssp1everi', 2.413900737489603), ('2003ltssp1x86x86', 4.827801474979206), ('2003ltssp2', 0.33295182586063493), ('2003ltssp220210524armx86reboot', 4.827801474979206), ('2009beta', 0.20115839479080025), ('2009beta2009raid', 4.827801474979206), ('2009release2009raid', 4.827801474979206), ('2009releasex86arm', 4.827801474979206), ('2009releasex86everth', 4.827801474979206), ('2103md1sdasdb', 4.827801474979206), ('aarch64', 0.13410559652720017), ('cve202010722', 4.827801474979206), ('cve202010723', 4.827801474979206), ('cve202010724', 4.827801474979206), ('cve202010725', 4.827801474979206), ('cve202010726', 4.827801474979206), ('cve202014374', 4.827801474979206), ('cve202014375', 4.827801474979206), ('cve202014376', 4.827801474979206), ('cve202014377', 4.827801474979206), ('cve202014378', 4.827801474979206), ('euler', 1.9311205899916826), ('glibc28glibc31', 4.827801474979206), ('gui', 0.804633579163201), ('lt', 0.15573553145094213), ('lun', 1.0728447722176013), ('mainlineopeneulerraid', 4.827801474979206), ('networkingsighighperformancenetworksigosbuild', 4.827801474979206), ('openeul', 0.013933048989838978), ('root', 0.804633579163201), ('sp2raidbootbootefi', 4.827801474979206), ('sp2selinux', 4.827801474979206), ('sp2sp22003', 4.827801474979206), ('thingaarch', 2.413900737489603), ('urepo', 4.827801474979206), ('x8664', 0.09753134292887285)]"
blackanger,[]
blublue,[]
blue0613,[]
blueskycs2c,"[('2003lt', 0.007398929463569665), ('2003lt', 0.007398929463569665), ('aarch64cp', 0.6896859249970294), ('add', 0.010057919739540013), ('architectur', 0.48278014749792064), ('bar', 0.20115839479080025), ('blog', 0.10057919739540012), ('blog', 0.20115839479080025), ('bug', 0.04310537031231434), ('cannot', 0.10610552692261992), ('compil', 0.06437068633305608), ('comprehens', 0.6034751843724008), ('couldt', 0.9655602949958413), ('creat', 0.1508687960931002), ('directori', 0.13793718499940588), ('display', 0.3218534316652804), ('display', 0.3218534316652804), ('doesnt', 0.1253974409085508), ('download', 0.21456895444352028), ('english', 0.19311205899916828), ('enrich', 1.609267158326402), ('entri', 0.3017375921862004), ('environ', 0.4023167895816005), ('error', 0.015623952993460213), ('error', 0.018748743592152256), ('fail', 0.023210584014323108), ('file', 0.0011581627623795624), ('file', 0.0011581627623795624), ('forlt', 0.13410559652720017), ('format', 0.22989530833234312), ('guidanc', 0.1253974409085508), ('guidanc', 0.43889104317992783), ('homepag', 0.48278014749792064), ('inform', 0.45979061666468624), ('instal', 0.05219244837815358), ('integr', 0.804633579163201), ('iso', 0.10728447722176014), ('issu', 0.025679795079676628), ('jenkin', 0.26821119305440033), ('languag', 0.6034751843724008), ('maintanercommit', 4.827801474979206), ('markdown', 0.6896859249970294), ('maven', 0.13793718499940588), ('menu', 0.20115839479080025), ('need', 0.02514479934885003), ('need', 0.02514479934885003), ('nextopeneulershadowutil', 0.6896859249970294), ('ob', 0.04710050219491909), ('openeul', 0.002786609797967796), ('openeul', 0.0034832622474597445), ('openeul', 0.013933048989838978), ('openeul', 0.013933048989838978), ('openeul', 0.013933048989838978), ('packag', 0.02145689544435203), ('packag', 0.026821119305440035), ('pamfaillock', 4.827801474979206), ('password', 0.6437068633305608), ('plugin', 0.24139007374896032), ('problem', 0.17880746203626688), ('problem', 0.21456895444352028), ('program', 0.6034751843724008), ('public', 0.6437068633305608), ('pull', 0.1508687960931002), ('releasa', 0.6034751843724008), ('releat', 0.9655602949958413), ('repo', 0.09284233605729243), ('repositori', 0.0015946495375653862), ('request', 0.24139007374896032), ('requir', 0.12069503687448016), ('rpm', 0.03862241179983365), ('set', 0.1609267158326402), ('shadow', 0.4023167895816005), ('show', 0.6896859249970294), ('sig', 0.05851880575732371), ('stat', 0.3448429624985147), ('strong', 0.9655602949958413), ('system', 0.10057919739540012), ('theoffici', 0.6034751843724008), ('trace', 0.20115839479080025), ('ukui', 0.37136934422916973), ('websit', 0.09284233605729243), ('well', 0.45979061666468624), ('work', 0.1253974409085508), ('x86', 0.0772448235996673), ('‘', 0.15326353888822875)]"
byeX012,"[('gnomeshellxdgdesktopportalgtk', 4.827801474979206), ('openeul', 0.013933048989838978)]"
bzhaoop,"[('1582', 0.9655602949958413), ('2003ltsfirebirdwarn', 4.827801474979206), ('2003ltssp1firebirdwarn', 4.827801474979206), ('2009betaarmx86colm', 1.609267158326402), ('20210715', 0.19311205899916825), ('20210724', 0.016999300968236642), ('buildtim', 0.07152298481450677), ('cve201919646', 4.827801474979206), ('cve202127928', 4.827801474979206), ('dep', 0.015573553145094213), ('gdb', 0.016999300968236642), ('mainlin', 0.024444564430274464), ('mariadb', 0.24139007374896032), ('mariadb', 0.3017375921862004), ('mariadb10510', 4.827801474979206), ('mariadbmaster1058', 4.827801474979206), ('mutxtc', 1.609267158326402), ('mzhu', 1.609267158326402), ('perldbdmariadb', 2.413900737489603), ('x8664', 0.05851880575732371)]"
caihaomin,"[('14', 1.609267158326402), ('3x', 1.2069503687448015), ('accord', 0.6034751843724008), ('api', 0.22989530833234312), ('bad', 0.5364223861088007), ('becom', 1.2069503687448015), ('build', 0.030555705537843078), ('build', 0.030555705537843078), ('calico', 1.2069503687448015), ('canal', 1.2069503687448015), ('ci', 0.10163792578903592), ('clibcni', 0.6034751843724008), ('cmake', 0.48278014749792064), ('cmd', 0.45979061666468624), ('cni', 0.6034751843724008), ('cnicriisulad', 4.827801474979206), ('code', 0.017492034329634806), ('comment', 0.4023167895816005), ('contain', 0.20115839479080025), ('containerd', 0.5364223861088007), ('containerdshimkatav2', 1.609267158326402), ('cve20213115', 4.827801474979206), ('delay', 0.804633579163201), ('detail', 0.6437068633305608), ('docker', 0.14629701439330928), ('docker', 0.14629701439330928), ('dockerinit', 4.827801474979206), ('document', 0.3218534316652804), ('document', 0.3218534316652804), ('english', 0.3218534316652804), ('environ', 0.6034751843724008), ('eulero', 1.9311205899916826), ('exec', 0.27587436999881176), ('externalrootf', 0.6896859249970294), ('fail', 0.011605292007161554), ('featurerequest', 0.3218534316652804), ('featurerequest', 0.38622411799833656), ('featurerequest', 0.38622411799833656), ('featurerequest', 0.48278014749792064), ('file', 0.0020267848341642344), ('file', 0.0020267848341642344), ('file', 0.0020267848341642344), ('file', 0.0020267848341642344), ('file', 0.0020267848341642344), ('group', 0.4023167895816005), ('guid', 0.12069503687448016), ('harbor', 1.609267158326402), ('help', 0.07152298481450677), ('hubopeneul', 2.413900737489603), ('imag', 0.0313493602271377), ('imag', 0.04388910431799278), ('importdockerimport', 4.827801474979206), ('incorrect', 0.10610552692261992), ('integr', 0.6437068633305608), ('isol', 1.2069503687448015), ('issu', 0.025679795079676628), ('isula', 0.03629925921036997), ('isula', 0.06352370361814745), ('isula', 0.2540948144725898), ('isuladcniip', 4.827801474979206), ('katacontain', 0.6437068633305608), ('kubectl', 0.9655602949958413), ('kubernet', 1.609267158326402), ('licens', 0.04310537031231434), ('licens', 0.05747382708308578), ('load', 0.10163792578903592), ('maillist', 0.18568467211458486), ('member', 0.48278014749792064), ('mulan', 0.804633579163201), ('name', 0.27587436999881176), ('namespac', 0.804633579163201), ('need', 0.04023167895816005), ('need', 0.04023167895816005), ('need', 0.05028959869770006), ('need', 0.05028959869770006), ('need', 0.05028959869770006), ('need', 0.06705279826360008), ('openeul', 0.0034832622474597445), ('openeul', 0.004644349663279659), ('openeul', 0.006966524494919489), ('openeul', 0.006966524494919489), ('openeul', 0.006966524494919489), ('openeul', 0.006966524494919489), ('openeuleropeneul', 1.9311205899916826), ('packag', 0.035761492407253376), ('platform', 0.3448429624985147), ('procsyskernelcorepattern', 1.2069503687448015), ('project', 0.13793718499940588), ('project', 0.13793718499940588), ('project', 0.17242148124925735), ('provid', 0.05247610298890441), ('ps', 0.6896859249970294), ('readmemdkubernet', 4.827801474979206), ('realli', 0.6896859249970294), ('remot', 0.3218534316652804), ('repositori', 0.0019933119219567325), ('repositori', 0.0019933119219567325), ('repositori', 0.0019933119219567325), ('repositori', 0.0019933119219567325), ('repositori', 0.0019933119219567325), ('repositori', 0.003986623843913465), ('repositori', 0.003986623843913465), ('repositori', 0.003986623843913465), ('request', 0.24139007374896032), ('riscv', 0.12378978140972323), ('riscv', 0.12378978140972323), ('roadmap', 0.804633579163201), ('rpmbuild', 0.29259402878661855), ('runc', 0.6437068633305608), ('runtim', 0.20115839479080025), ('runtim', 0.4023167895816005), ('seem', 0.3448429624985147), ('show', 0.1970531214277227), ('sigkubernet', 0.804633579163201), ('smart', 0.9655602949958413), ('softwar', 0.09852656071386134), ('sourc', 0.0014900621836355574), ('sourc', 0.003973499156361486), ('spdi', 0.9655602949958413), ('spec', 0.001957745934703652), ('specifi', 0.1970531214277227), ('standard', 0.9655602949958413), ('still', 0.804633579163201), ('submit', 0.0021249126210295803), ('submit', 0.0021249126210295803), ('submit', 0.0021249126210295803), ('submit', 0.0021249126210295803), ('submit', 0.0021249126210295803), ('support', 0.021174567872715815), ('support', 0.031761851809073725), ('support', 0.04234913574543163), ('support', 0.04234913574543163), ('support', 0.05081896289451796), ('support', 0.06352370361814745), ('support', 0.06352370361814745), ('technicalcommitte', 1.2069503687448015), ('unrel', 0.6896859249970294), ('use', 0.11494765416617156), ('v1', 0.4023167895816005), ('v2', 0.3218534316652804), ('version', 0.00924866182946208), ('version', 0.012331549105949441), ('wantedw', 0.9655602949958413), ('wrong', 0.007450310918177787), ('yaml', 0.0027745985488386244), ('yaml', 0.0027745985488386244), ('yaml', 0.0027745985488386244), ('yaml', 0.0027745985488386244)]"
calvinyu,[]
captainwei,[]
catastrowings,[]
cellfaint,"[('aw', 2.413900737489603), ('filebackend', 4.827801474979206), ('firecrack', 2.413900737489603), ('stratovirt', 1.0728447722176013)]"
chaojiahuoshanga,[]
charlie_li,[]
chen_daguan,[]
chen_ding_xiao,[]
chengquan,[]
chengzihan2,"[('factoryunresolv', 4.827801474979206), ('invalid', 0.008858351330237076), ('invalid', 0.008858351330237076), ('invalid', 0.008858351330237076), ('invalid', 0.008858351330237076), ('invalid', 0.008858351330237076), ('invalid', 0.008858351330237076), ('invalid', 0.008858351330237076), ('invalid', 0.008858351330237076), ('invalid', 0.008858351330237076), ('invalid', 0.008858351330237076), ('invalid', 0.008858351330237076), ('invalid', 0.008858351330237076), ('invalid', 0.008858351330237076), ('javasigsource0', 2.413900737489603), ('latest', 0.02315492314138708), ('master', 0.0012946638441885777), ('master', 0.0012946638441885777), ('master', 0.0012946638441885777), ('master', 0.0012946638441885777), ('master', 0.0012946638441885777), ('master', 0.0012946638441885777), ('master', 0.0012946638441885777), ('master', 0.0012946638441885777), ('master', 0.0012946638441885777), ('master', 0.0012946638441885777), ('master', 0.0012946638441885777), ('master', 0.0012946638441885777), ('master', 0.0012946638441885777), ('master', 0.0012946638441885777), ('master', 0.0012946638441885777), ('master', 0.0012946638441885777), ('master', 0.0012946638441885777), ('master', 0.0012946638441885777), ('master', 0.0012946638441885777), ('master', 0.0012946638441885777), ('master', 0.0012946638441885777), ('master', 0.0012946638441885777), ('master', 0.0015535966130262933), ('master', 0.0015535966130262933), ('master', 0.0015535966130262933), ('master', 0.0015535966130262933), ('master', 0.0015535966130262933), ('master', 0.0015535966130262933), ('master', 0.0015535966130262933), ('master', 0.0015535966130262933), ('master', 0.0015535966130262933), ('master', 0.0015535966130262933), ('master', 0.0015535966130262933), ('master', 0.0015535966130262933), ('master', 0.0015535966130262933), ('may', 0.003759969996089724), ('may', 0.003759969996089724), ('may', 0.003759969996089724), ('may', 0.003759969996089724), ('may', 0.003759969996089724), ('may', 0.003759969996089724), ('may', 0.003759969996089724), ('may', 0.003759969996089724), ('may', 0.003759969996089724), ('may', 0.003759969996089724), ('may', 0.003759969996089724), ('may', 0.003759969996089724), ('may', 0.003759969996089724), ('may', 0.003759969996089724), ('may', 0.003759969996089724), ('may', 0.003759969996089724), ('may', 0.003759969996089724), ('may', 0.003759969996089724), ('may', 0.003759969996089724), ('may', 0.003759969996089724), ('may', 0.003759969996089724), ('may', 0.003759969996089724), ('releas', 0.026381428825022982), ('sourc', 0.001986749578180743), ('sourc', 0.001986749578180743), ('sourc', 0.001986749578180743), ('sourc', 0.001986749578180743), ('sourc', 0.001986749578180743), ('sourc', 0.001986749578180743), ('sourc', 0.001986749578180743), ('sourc', 0.001986749578180743), ('sourc', 0.001986749578180743), ('sourc', 0.001986749578180743), ('sourc', 0.001986749578180743), ('sourc', 0.001986749578180743), ('sourc', 0.001986749578180743), ('sourc', 0.001986749578180743), ('sourc', 0.001986749578180743), ('sourc', 0.001986749578180743), ('sourc', 0.001986749578180743), ('sourc', 0.001986749578180743), ('sourc', 0.001986749578180743), ('sourc', 0.001986749578180743), ('sourc', 0.001986749578180743), ('sourc', 0.001986749578180743), ('sourc', 0.002384099493816892), ('sourc', 0.002384099493816892), ('sourc', 0.002384099493816892), ('sourc', 0.002384099493816892), ('sourc', 0.002384099493816892), ('sourc', 0.002384099493816892), ('sourc', 0.002384099493816892), ('sourc', 0.002384099493816892), ('sourc', 0.002384099493816892), ('sourc', 0.002384099493816892), ('sourc', 0.002384099493816892), ('sourc', 0.002384099493816892), ('sourc', 0.002384099493816892), ('spec', 0.0013051639564691012), ('spec', 0.0013051639564691012), ('spec', 0.0013051639564691012), ('spec', 0.0013051639564691012), ('spec', 0.0013051639564691012), ('spec', 0.0013051639564691012), ('spec', 0.0013051639564691012), ('spec', 0.0013051639564691012), ('spec', 0.0013051639564691012), ('spec', 0.0013051639564691012), ('spec', 0.0013051639564691012), ('spec', 0.0013051639564691012), ('spec', 0.0013051639564691012), ('spec', 0.0013051639564691012), ('spec', 0.0013051639564691012), ('spec', 0.0013051639564691012), ('spec', 0.0013051639564691012), ('spec', 0.0013051639564691012), ('spec', 0.0013051639564691012), ('spec', 0.0013051639564691012), ('spec', 0.0013051639564691012), ('spec', 0.0013051639564691012), ('spec', 0.0015661967477629216), ('spec', 0.0015661967477629216), ('spec', 0.0015661967477629216), ('spec', 0.0015661967477629216), ('spec', 0.0015661967477629216), ('spec', 0.0015661967477629216), ('spec', 0.0015661967477629216), ('spec', 0.0015661967477629216), ('spec', 0.0015661967477629216), ('spec', 0.0015661967477629216), ('spec', 0.0015661967477629216), ('spec', 0.0015661967477629216), ('spec', 0.0015661967477629216), ('updateabrtaddonccpp', 4.827801474979206), ('upgrad', 0.011789502991402212), ('url', 0.0020684667844812366), ('url', 0.0020684667844812366), ('url', 0.0020684667844812366), ('url', 0.0020684667844812366), ('url', 0.0020684667844812366), ('url', 0.0020684667844812366), ('url', 0.0020684667844812366), ('url', 0.0020684667844812366), ('url', 0.0020684667844812366), ('url', 0.0020684667844812366), ('url', 0.0020684667844812366), ('url', 0.0020684667844812366), ('url', 0.0020684667844812366), ('url', 0.0020684667844812366), ('url', 0.0020684667844812366), ('url', 0.0020684667844812366), ('url', 0.0020684667844812366), ('url', 0.0020684667844812366), ('url', 0.0020684667844812366), ('url', 0.0020684667844812366), ('url', 0.0020684667844812366), ('url', 0.0020684667844812366), ('url', 0.002482160141377484), ('url', 0.002482160141377484), ('url', 0.002482160141377484), ('url', 0.002482160141377484), ('url', 0.002482160141377484), ('url', 0.002482160141377484), ('url', 0.002482160141377484), ('url', 0.002482160141377484), ('url', 0.002482160141377484), ('url', 0.002482160141377484), ('url', 0.002482160141377484), ('url', 0.002482160141377484), ('url', 0.002482160141377484), ('url', 0.00620540035344371), ('wrong', 0.0037251554590888936), ('wrong', 0.0037251554590888936), ('wrong', 0.0037251554590888936), ('wrong', 0.0037251554590888936), ('wrong', 0.0037251554590888936), ('wrong', 0.0037251554590888936), ('wrong', 0.0037251554590888936), ('wrong', 0.0037251554590888936), ('wrong', 0.0037251554590888936), ('wrong', 0.0037251554590888936), ('wrong', 0.0037251554590888936), ('wrong', 0.0037251554590888936), ('wrong', 0.0037251554590888936), ('wrong', 0.0037251554590888936), ('wrong', 0.0037251554590888936), ('wrong', 0.0037251554590888936), ('wrong', 0.0037251554590888936), ('wrong', 0.0037251554590888936), ('wrong', 0.0037251554590888936), ('wrong', 0.0037251554590888936), ('wrong', 0.0037251554590888936), ('wrong', 0.0037251554590888936), ('x86rpmdevtool', 4.827801474979206)]"
chenholmes,[]
chenmaodong,"[('2003lt', 0.00924866182946208), ('2003lt', 0.00924866182946208), ('2003lt', 0.00924866182946208), ('20210531', 0.015181765644588698), ('2103secgear', 1.609267158326402), ('ccenclavecreatepath', 4.827801474979206), ('ccenclavecreatetypeflag', 4.827801474979206), ('ccenclavegeneraterandom', 4.827801474979206), ('ccenclavememoryoutenclav', 4.827801474979206), ('codegen', 1.609267158326402), ('codegen', 1.609267158326402), ('enclav', 1.609267158326402), ('linuxsgx', 1.609267158326402), ('linuxsgx', 3.218534316652804), ('linuxsgxdriverremoveisgx', 3.218534316652804), ('linuxsgxdriverremoveisgx', 3.218534316652804), ('openeul', 0.0034832622474597445), ('openeul', 0.0034832622474597445), ('openeul', 0.0034832622474597445), ('openeul', 0.006966524494919489), ('readm', 0.3218534316652804), ('readmemdmanifesttxt', 4.827801474979206), ('sp1', 0.028398832205760036), ('sp1', 0.028398832205760036), ('sp1', 0.028398832205760036), ('trustzon', 1.609267158326402), ('trustzon', 1.609267158326402), ('trustzon', 1.609267158326402), ('trustzon', 1.609267158326402), ('trustzoneenclav', 4.827801474979206), ('trustzoneflags0', 4.827801474979206), ('updat', 0.007270785353884346), ('updat', 0.007270785353884346), ('updat', 0.007270785353884346)]"
chenmingmin,"[('check', 0.046421168028646216), ('error', 0.02343592949019032), ('make', 0.0709970805144001), ('occur', 0.6034751843724008)]"
chenyanpanHW,"[('002keygenrsa', 4.827801474979206), ('1077', 0.6437068633305608), ('1129', 0.9655602949958413), ('1290', 0.6437068633305608), ('2003lt', 0.00924866182946208), ('2009armx86generatepassword', 4.827801474979206), ('2009armx86github', 4.827801474979206), ('2009armx86settingconfpassword', 4.827801474979206), ('20210531', 0.015181765644588698), ('20210531', 0.015181765644588698), ('20210531', 0.015181765644588698), ('20210531', 0.015181765644588698), ('20210531', 0.015181765644588698), ('20210531', 0.015181765644588698), ('20210531', 0.015181765644588698), ('20210531', 0.015181765644588698), ('20210531', 0.015181765644588698), ('20210531', 0.015181765644588698), ('20210531', 0.015181765644588698), ('20210715', 0.19311205899916825), ('20210715', 0.19311205899916825), ('20210715', 0.19311205899916825), ('20210715', 0.19311205899916825), ('20210715', 0.19311205899916825), ('20210715', 0.19311205899916825), ('20210715', 0.19311205899916825), ('2730', 0.9655602949958413), ('999', 0.9655602949958413), ('apachecommonscollections4', 1.609267158326402), ('auditlib', 1.0728447722176013), ('bind', 1.3793718499940588), ('block', 1.0728447722176013), ('buildtim', 0.07152298481450677), ('buildtim', 0.07152298481450677), ('buildtim', 0.07152298481450677), ('buildtim', 0.07152298481450677), ('buildtim', 0.07152298481450677), ('byteman', 0.6437068633305608), ('cant', 0.009503546210588989), ('changelog', 1.609267158326402), ('checkcla', 1.2069503687448015), ('ci', 0.16939654298172652), ('commitid', 4.827801474979206), ('dep', 0.015573553145094213), ('dep', 0.015573553145094213), ('dep', 0.020764737526792282), ('dep', 0.020764737526792282), ('dep', 0.020764737526792282), ('dep', 0.020764737526792282), ('digestlisttool', 0.6034751843724008), ('digestlisttool', 0.804633579163201), ('etcprofiledsysteminfosh', 1.609267158326402), ('extra', 0.011605292007161554), ('firefox', 1.609267158326402), ('firefox', 3.218534316652804), ('flink', 1.2069503687448015), ('gcc', 0.41381155499821765), ('gccsecur', 0.38622411799833656), ('ged', 0.43889104317992783), ('gendigestlist', 1.2069503687448015), ('getv5reposownerrepopullsnumbercommitscommit', 4.827801474979206), ('gite', 0.3448429624985147), ('gite', 0.6896859249970294), ('httplibguestfsorg', 4.827801474979206), ('i40', 1.609267158326402), ('iavf', 0.9655602949958413), ('j', 1.0728447722176013), ('j1', 1.2069503687448015), ('label', 1.2069503687448015), ('libguestf', 0.6034751843724008), ('libguestfslibdb', 4.827801474979206), ('libic', 0.5364223861088007), ('libtool', 0.48278014749792064), ('logrot', 0.6034751843724008), ('macro', 0.011605292007161554), ('mainlin', 0.024444564430274464), ('mainlin', 0.024444564430274464), ('mainlin', 0.024444564430274464), ('mainlin', 0.024444564430274464), ('mainlin', 0.024444564430274464), ('make', 0.0709970805144001), ('make', 0.09466277401920012), ('makebuild', 0.804633579163201), ('master', 0.0009709978831414333), ('netperf', 2.413900737489603), ('nodej', 0.6437068633305608), ('nodejsport', 2.413900737489603), ('nss', 0.9655602949958413), ('nss', 1.9311205899916826), ('oaupgradablepi', 4.827801474979206), ('ob', 0.04710050219491909), ('ob', 0.11775125548729772), ('oddjob', 0.48278014749792064), ('openalsoft', 2.413900737489603), ('openbla', 1.9311205899916826), ('openeul', 0.0034832622474597445), ('openeulerclay', 0.804633579163201), ('openeulerclay', 0.804633579163201), ('openeulerreleas', 0.804633579163201), ('openeulersyncbot', 1.2069503687448015), ('openldap', 0.48278014749792064), ('opensus', 1.609267158326402), ('pars', 0.010680976714555765), ('patchtrac', 1.609267158326402), ('patchtrack', 3.218534316652804), ('pdfbox', 1.2069503687448015), ('perldbdmariadb', 2.413900737489603), ('perlunicodelinebreak', 2.413900737489603), ('pr', 0.06524056047269197), ('pr', 0.08698741396358929), ('pr', 0.08698741396358929), ('pr', 0.13048112094538394), ('pr', 0.13048112094538394), ('pr', 0.2609622418907679), ('pr', 0.2609622418907679), ('pr', 0.2609622418907679), ('pr', 0.2609622418907679), ('pr', 0.2609622418907679), ('prpr', 3.218534316652804), ('pythonwrapt110', 2.413900737489603), ('readmepkgship', 2.413900737489603), ('releas', 0.026381428825022982), ('remov', 0.024631640178465336), ('repo', 0.06189489070486162), ('requir', 0.1508687960931002), ('retest', 1.609267158326402), ('rpm', 0.09655602949958413), ('rpmdevtool', 2.413900737489603), ('rubygemthin', 1.609267158326402), ('sbinip', 1.0728447722176013), ('selinuxpolicytarget', 1.0728447722176013), ('setup', 0.9655602949958413), ('shadow', 0.804633579163201), ('sourc', 0.0014900621836355574), ('sp1aarch64', 1.2069503687448015), ('spec', 0.000978872967351826), ('srcopeneul', 0.24139007374896032), ('sshclone', 4.827801474979206), ('sssd', 0.804633579163201), ('sync', 0.26821119305440033), ('sync', 0.5364223861088007), ('syslinux', 1.9311205899916826), ('tbb', 0.38622411799833656), ('tclsh', 1.2069503687448015), ('texliv', 0.804633579163201), ('token', 3.218534316652804), ('url', 0.0015513500883609275), ('usrbinenv', 1.2069503687448015), ('usrbinrestartsh', 4.827801474979206), ('usrlibrpmbrpdigestlist', 1.2069503687448015), ('version', 0.012331549105949441), ('virtmanag', 0.5364223861088007), ('x8664', 0.05851880575732371), ('x8664', 0.05851880575732371), ('x8664', 0.05851880575732371), ('x8664', 0.05851880575732371), ('x8664', 0.05851880575732371), ('（', 0.041799146969516934), ('）', 0.04234913574543163)]"
cherry530,"[('2003ltssp2', 0.11098394195354497), ('2003ltssp2', 0.11098394195354497), ('buddi', 1.609267158326402), ('httpie', 1.609267158326402), ('openeul', 0.004644349663279659), ('openeul', 0.004644349663279659)]"
chixinze,"[('1524', 2.413900737489603), ('2003', 0.0754343980465501), ('2003lt', 0.007398929463569665), ('ceph', 0.19311205899916828), ('ceph', 0.24139007374896032), ('ceph', 0.48278014749792064), ('ceph', 0.9655602949958413), ('ceph', 0.9655602949958413), ('ceph1228crc', 4.827801474979206), ('cephansibleopeneul', 4.827801474979206), ('cephcsi', 2.413900737489603), ('cve202010753', 4.827801474979206), ('cve20201759', 4.827801474979206), ('cve20201760', 4.827801474979206), ('cve202025678', 4.827801474979206), ('cve202027781', 3.218534316652804), ('cve202027781', 3.218534316652804), ('cve202027839', 4.827801474979206), ('cve202120288', 4.827801474979206), ('cve20213524', 4.827801474979206), ('cve20213531', 4.827801474979206), ('declar', 0.6034751843724008), ('depend', 0.06072706257835479), ('driver', 0.43889104317992783), ('file', 0.0020267848341642344), ('master', 0.0012946638441885777), ('master', 0.0019419957662828665), ('masterceph14215', 4.827801474979206), ('may', 0.003759969996089724), ('n', 0.48278014749792064), ('openeul', 0.002786609797967796), ('openeul', 0.0034832622474597445), ('openeulerceph1428', 4.827801474979206), ('pagesize64kgperftool', 2.413900737489603), ('python2', 0.028482604572148705), ('remov', 0.03284218690462044), ('repositori', 0.0019933119219567325), ('scope', 1.2069503687448015), ('sourc', 0.001986749578180743), ('sp1rpm', 0.9655602949958413), ('spec', 0.0013051639564691012), ('submit', 0.0021249126210295803), ('syssiglist', 1.2069503687448015), ('tcmalloc', 2.413900737489603), ('url', 0.0020684667844812366), ('v1428', 0.9655602949958413), ('wrong', 0.0037251554590888936), ('yaml', 0.0027745985488386244)]"
chxssg,"[('volumeshci', 4.827801474979206)]"
cmss_dx,[]
compile_success,"[('2003lt', 0.00924866182946208), ('2003lt', 0.01849732365892416), ('2003ltssp1dbusorgfreedesktopavahiservicedis', 4.827801474979206), ('2003ltssp1ovstcpdump', 4.827801474979206), ('2003ltssp2servermessageerror', 2.413900737489603), ('2103armx86baseselinux', 3.218534316652804), ('2103armx86dnf', 2.413900737489603), ('301', 4.827801474979206), ('cldremojiannot', 4.827801474979206), ('courierunicod', 2.413900737489603), ('cve201810126', 4.827801474979206), ('cve20195502', 4.827801474979206), ('cve202013938', 4.827801474979206), ('cve202035457', 4.827801474979206), ('cve202035492', 4.827801474979206), ('cve202035655', 4.827801474979206), ('cve20206851', 3.218534316652804), ('cve202125291', 4.827801474979206), ('cve202127219', 2.413900737489603), ('cve202128116', 4.827801474979206), ('downloadonli', 2.413900737489603), ('etchostsdeni', 4.827801474979206), ('glib210', 2.413900737489603), ('gtkdocpythonpyg', 4.827801474979206), ('ibus1522', 4.827801474979206), ('ipx', 1.9311205899916826), ('kexexchangeidentif', 2.413900737489603), ('lorax', 2.413900737489603), ('ltssp2armx86ftppamuserdbsoftp', 4.827801474979206), ('mailcap', 1.609267158326402), ('maildrop', 2.413900737489603), ('masterobsopeneulermainlineisoloraximag', 4.827801474979206), ('networkmanag', 1.609267158326402), ('openeul', 0.0034832622474597445), ('openeul', 0.006966524494919489), ('openeuler2003ltssp1', 0.3448429624985147), ('openeuleropeneulervendor', 1.3793718499940588), ('proftp', 4.827801474979206), ('rc1aarch64xfcegladecoredumpx8664', 4.827801474979206), ('rpmopeneuler2003ltsc10ccb', 2.413900737489603), ('sig', 0.08777820863598557), ('sp1', 0.028398832205760036), ('sp2ipv4ipv6httpaudit', 4.827801474979206), ('sp2ltssp2nginxnginxhelp', 2.413900737489603), ('updat', 0.007270785353884346), ('webkit2gtk3', 4.827801474979206)]"
crrs666,[]
cuibb1,"[('055', 4.827801474979206), ('093', 2.413900737489603), ('11513', 4.827801474979206), ('initdbparseupgradesetup', 2.413900737489603), ('latest', 0.02315492314138708), ('mvn', 0.804633579163201), ('noth', 0.4023167895816005), ('ob', 0.05887562774364886), ('postgresqlsetup', 2.413900737489603), ('provid', 0.05247610298890441), ('releas', 0.026381428825022982), ('upgrad', 0.011789502991402212)]"
cygnus1985,[]
cynthia_xh,"[('2009', 0.09655602949958413), ('appli', 0.10610552692261992), ('atun', 0.6437068633305608), ('ci', 0.03909150991885997), ('contribut', 0.6034751843724008), ('differ', 0.15326353888822875), ('distribut', 0.6896859249970294), ('environ', 0.18568467211458486), ('establish', 0.37136934422916973), ('euler', 0.27587436999881176), ('explan', 0.6896859249970294), ('good', 0.3448429624985147), ('groveranceaf', 0.37136934422916973), ('kernel', 0.05887562774364886), ('know', 0.24757956281944649), ('linux', 0.15326353888822875), ('maintain', 0.06752169895075813), ('need', 0.015473722676215405), ('new', 0.05305276346130996), ('openeul', 0.0034832622474597445), ('openeul', 0.006966524494919489), ('openeul', 0.013933048989838978), ('pass', 0.24757956281944649), ('provid', 0.05247610298890441), ('sig', 0.027008679580303254), ('sigidocnfrastructur', 4.827801474979206), ('tc', 0.12378978140972324), ('would', 0.45979061666468624)]"
daidai_is_here,"[('openeul', 0.013933048989838978)]"
dan_zhao,[]
derekpush,[]
dillon_chen,"[('2009', 0.06437068633305608), ('gtkdocpythonpyg', 4.827801474979206), ('gtkmm24', 4.827801474979206), ('master', 0.0012946638441885777), ('master', 0.0012946638441885777), ('may', 0.003759969996089724), ('may', 0.003759969996089724), ('openeul', 0.004644349663279659), ('sourc', 0.001986749578180743), ('sourc', 0.001986749578180743), ('spec', 0.0013051639564691012), ('spec', 0.0013051639564691012), ('specdist', 1.3793718499940588), ('thunar', 1.609267158326402), ('url', 0.0020684667844812366), ('url', 0.0020684667844812366), ('wrong', 0.0037251554590888936), ('wrong', 0.0037251554590888936)]"
ding_yi_ming,[]
disnight,"[('2003ltssp1updatearmx86dovecot', 4.827801474979206), ('armx86update1102', 2.413900737489603), ('error', 0.04687185898038064), ('fuzz', 0.4198088239112353), ('fuzzheapbufferoverflow', 2.413900737489603), ('fuzzruntim', 0.804633579163201), ('licens', 0.17242148124925735), ('lt', 0.07786776572547106), ('n', 1.2874137266611216), ('oa', 1.2069503687448015), ('obsspec', 0.804633579163201), ('obsspec', 1.0728447722176013), ('update2101', 4.827801474979206), ('update2102armx86ltpsyslog08', 4.827801474979206), ('yaml', 0.011098394195354497), ('（', 0.031349360227137704), ('（', 0.06269872045427541), ('）', 0.031761851809073725), ('）', 0.06352370361814745)]"
dogsheng,"[('2003ltsdpdk', 2.413900737489603), ('ad', 0.3017375921862004), ('add', 0.01609267158326402), ('addit', 1.2069503687448015), ('autom', 0.9655602949958413), ('automat', 0.10057919739540012), ('build', 0.024444564430274464), ('buildopeneulerorg', 2.413900737489603), ('cant', 0.012671394947451984), ('channel', 0.48278014749792064), ('check', 0.02652638173065498), ('clone', 0.4023167895816005), ('colon', 0.804633579163201), ('commun', 0.13410559652720017), ('contain', 0.13410559652720017), ('could', 0.17880746203626688), ('couldt', 0.9655602949958413), ('db', 0.804633579163201), ('devtti', 0.6896859249970294), ('download', 0.17880746203626688), ('download', 0.21456895444352028), ('featur', 0.06705279826360008), ('featur', 0.0804633579163201), ('folder', 0.5364223861088007), ('gite', 0.11494765416617156), ('host', 0.5364223861088007), ('imag', 0.03657425359832732), ('imagesbinip', 2.413900737489603), ('infrastructur', 0.9655602949958413), ('iso', 0.08940373101813344), ('languag', 0.4023167895816005), ('login', 0.22989530833234312), ('ltsopensshserv', 4.827801474979206), ('ltssourcegit', 4.827801474979206), ('mail', 0.1485477376916679), ('make', 0.04056976029394291), ('meet', 0.9655602949958413), ('name', 0.1609267158326402), ('netinstal', 0.804633579163201), ('new', 0.11494765416617156), ('ob', 0.03364321585351363), ('ob', 0.04710050219491909), ('ob', 0.04710050219491909), ('oepneul', 2.413900737489603), ('openeul', 0.0023221748316398297), ('openeul', 0.013933048989838978), ('openeuler2003ltsaarch64dvdisoupd', 4.827801474979206), ('openeulerisoobsrpm', 4.827801474979206), ('openeulermariadbserv', 4.827801474979206), ('openeulerrepo', 3.218534316652804), ('packag', 0.02145689544435203), ('person', 0.804633579163201), ('pipelin', 0.9655602949958413), ('pr', 0.2609622418907679), ('propos', 0.48278014749792064), ('provid', 0.034984068659269604), ('pylint', 4.827801474979206), ('pyxattrarmob', 4.827801474979206), ('question', 0.804633579163201), ('releas', 0.039572143237534475), ('repo', 0.03094744535243081), ('rpm', 0.03862241179983365), ('select', 0.4023167895816005), ('sig', 0.05851880575732371), ('sigrepo', 4.827801474979206), ('sourcefil', 0.804633579163201), ('start', 0.12069503687448016), ('sysfscgroup', 0.6896859249970294), ('system', 0.1609267158326402), ('systest', 1.609267158326402), ('tag', 0.09852656071386134), ('way', 0.6034751843724008), ('window10', 0.804633579163201), ('work', 0.17555641727197113), ('work', 0.43889104317992783), ('x86', 0.12874137266611216), ('yumdownload', 2.413900737489603), ('（', 0.01791392012979297), ('）', 0.018149629605184986)]"
doraemon2020,"[('2003ltsupdate1126', 1.609267158326402), ('2009x86arm', 2.413900737489603), ('2103nghttpxservic', 4.827801474979206), ('2103spicewebdavdavahi', 4.827801474979206), ('2103spicewebdavdservic', 4.827801474979206), ('clevi', 2.413900737489603), ('isula', 0.08469827149086326), ('load', 0.16939654298172652), ('ltssp2armx86ftppamuserdbsoftp', 4.827801474979206), ('openeulerdockeraarch64tarxz35load', 1.609267158326402), ('tap', 2.413900737489603), ('tigervncservermodul', 2.413900737489603)]"
doramart,"[('20210531', 0.015181765644588698), ('ba', 1.0728447722176013), ('baseservic', 0.804633579163201), ('file', 0.0020267848341642344), ('file', 0.0020267848341642344), ('mongodb', 0.6896859249970294), ('nodejspackag', 1.2069503687448015), ('nodejsport', 2.413900737489603), ('nodejsporternodej', 4.827801474979206), ('nodepackag', 2.413900737489603), ('openeular', 0.6034751843724008), ('openeular', 1.2069503687448015), ('opensslspec', 1.609267158326402), ('repositori', 0.0019933119219567325), ('repositori', 0.0019933119219567325), ('rpm', 0.09655602949958413), ('rpmbuild', 0.29259402878661855), ('rpmbuild', 0.8777820863598557), ('spec', 0.001957745934703652), ('srcopeneulermongodb', 2.413900737489603), ('submit', 0.0021249126210295803), ('submit', 0.0021249126210295803), ('vm', 0.22454890581298634), ('yaml', 0.0027745985488386244), ('（', 0.031349360227137704), ('）', 0.031761851809073725)]"
dou33,"[('2003', 0.10057919739540012), ('2003', 0.10057919739540012), ('2003', 0.10057919739540012), ('2003', 0.1508687960931002), ('2003', 0.1508687960931002), ('2103', 0.11098394195354497), ('alsatopolog', 2.413900737489603), ('armemac', 1.609267158326402), ('libid3tagso', 4.827801474979206), ('masteralsaucm', 2.413900737489603), ('openeuleropeneul', 1.9311205899916826), ('peoni', 0.45979061666468624), ('peoni', 1.3793718499940588), ('peoni', 1.3793718499940588), ('pygobject2', 4.827801474979206), ('repo', 0.09284233605729243), ('session', 1.609267158326402), ('sigmaintainersig', 4.827801474979206), ('sp1', 0.037865109607680046), ('sp1', 0.037865109607680046), ('sp1', 0.037865109607680046), ('sp1', 0.05679766441152007), ('sp1', 0.05679766441152007), ('sp2atrilthumbnail', 4.827801474979206), ('sp2epol', 4.827801474979206), ('ukui', 0.37136934422916973), ('ukuiscreensav', 4.827801474979206), ('xinitrc', 2.413900737489603), ('xsession', 2.413900737489603)]"
doudou19,[]
dream0819,[]
duan_tao_tao,[]
duguhaotian,"[('1207', 0.9655602949958413), ('2009', 0.03862241179983365), ('accord', 0.6034751843724008), ('arm', 0.05851880575732371), ('build', 0.030555705537843078), ('calico', 1.2069503687448015), ('canal', 1.2069503687448015), ('check', 0.18568467211458486), ('cloudn', 1.609267158326402), ('cni', 0.6034751843724008), ('cni', 1.2069503687448015), ('code', 0.017492034329634806), ('crictl', 1.609267158326402), ('docker', 0.09753134292887285), ('eggoadminkubeconfig', 4.827801474979206), ('eggoconfig', 4.827801474979206), ('eggocopi', 4.827801474979206), ('error', 0.04687185898038064), ('exposedport', 1.609267158326402), ('fail', 0.011605292007161554), ('go', 1.0728447722176013), ('grpcgrpc', 4.827801474979206), ('guid', 0.12069503687448016), ('hostnamepodsvarlibisuladengineslcr', 4.827801474979206), ('huboepkgsnet', 1.609267158326402), ('issu', 0.025679795079676628), ('isula', 0.08469827149086326), ('isulad', 0.1788074620362669), ('isulad', 0.3576149240725338), ('isuladcni', 3.218534316652804), ('isuladcniip', 4.827801474979206), ('isuladimag', 1.609267158326402), ('isuladsaveloglog', 4.827801474979206), ('isuladstopdockerstop', 4.827801474979206), ('isulalcrclibcni', 3.218534316652804), ('json', 1.3793718499940588), ('k8', 0.3218534316652804), ('ltspython3', 4.827801474979206), ('networkconfigc', 1.609267158326402), ('networkconfigc', 3.218534316652804), ('networkmodulecnetworkmodulec', 2.413900737489603), ('openeul', 0.002786609797967796), ('perform', 0.5364223861088007), ('podconfigjson', 1.609267158326402), ('protobuf', 4.827801474979206), ('readm', 0.3218534316652804), ('runp', 1.609267158326402), ('runtim', 0.6034751843724008), ('sourc', 0.0014900621836355574), ('spec', 0.0026103279129382024), ('support', 0.031761851809073725)]"
duyyb,[]
dwl301,"[('2003ltssp1dbusorgfreedesktopavahiservicedis', 4.827801474979206), ('2003ltssp2armx86thunarservic', 4.827801474979206), ('2003ltssp2armx86xfce4notifydservic', 4.827801474979206), ('2003ltssp2libcacardx86rpmbuild', 4.827801474979206), ('2103', 0.03699464731784832), ('baseservicesiginfoyaml', 4.827801474979206), ('cve202013645', 4.827801474979206), ('master', 0.0012946638441885777), ('may', 0.003759969996089724), ('openeul', 0.004644349663279659), ('openeuler2003ltssp2', 1.3793718499940588), ('sourc', 0.001986749578180743), ('sp2epollightdmgtkgreeterlightdmgtk', 4.827801474979206), ('spec', 0.0013051639564691012), ('url', 0.0020684667844812366), ('wrong', 0.0037251554590888936), ('xfce', 0.4023167895816005)]"
eastb233,"[('bug', 0.17242148124925735), ('cve201812886', 4.827801474979206), ('gcc', 0.3448429624985147), ('gccstringoptruncationvsftpd', 4.827801474979206)]"
emily_liuliu,"[('0xaaac8b582390', 0.9655602949958413), ('125211232fakerootsp2fakerootlib', 2.413900737489603), ('2003ltssp1cpack', 2.413900737489603), ('2003ltssp1python3docutilspythondocutilshelp', 4.827801474979206), ('2003ltssp2fakerootsp2', 2.413900737489603), ('2003ltssp2flinkx86armrpmbuild', 4.827801474979206), ('2003ltssp2graphvizx86armrpmbuild', 4.827801474979206), ('2003ltssp2hyphenx86rpmbuild', 4.827801474979206), ('2003ltssp2jnrffix86armrpmbuild', 4.827801474979206), ('2003ltssp2libcacardx86rpmbuild', 4.827801474979206), ('2003ltssp2pythondnsx86armrpmbuild', 4.827801474979206), ('2003ltssp2rdatex86armrpmbuild', 4.827801474979206), ('2003ltssp2tpmtoolstpmunsealdata', 4.827801474979206), ('2009', 0.09655602949958413), ('2009antantjunitjava', 4.827801474979206), ('2009betaarmbuildjarrepositoryrebuildjarrepositoryjar', 4.827801474979206), ('2009betaarmgui', 3.218534316652804), ('2009betaarmgui', 3.218534316652804), ('2009betaarmx86ipsecservic', 4.827801474979206), ('2009betaarmx86ntftcp', 2.413900737489603), ('2009betaarmx86tangdsocket', 4.827801474979206), ('2009gitdaemon', 4.827801474979206), ('2009mavenjava', 4.827801474979206), ('2009memdump', 0.9655602949958413), ('2009pythonkeyr', 4.827801474979206), ('2009releasearmx86crit', 4.827801474979206), ('2009tpmtoolstpmunsealdata', 4.827801474979206), ('b', 0.6034751843724008), ('dport', 2.413900737489603), ('dump', 0.21456895444352028), ('fail', 0.018568467211458488), ('key', 0.38622411799833656), ('sp1', 0.028398832205760036), ('trouserstcsdservic', 2.413900737489603), ('update20210721openvswitch', 0.804633579163201), ('update20210721sp1', 1.2069503687448015), ('updatearmx86lt', 0.804633579163201)]"
eric14chan,[]
ethan848,[]
ew314,"[('osopenssl', 4.827801474979206)]"
fcwicky,"[('file', 0.0020267848341642344), ('isuladsaveloglog', 4.827801474979206), ('repositori', 0.0019933119219567325), ('spec', 0.001957745934703652), ('submit', 0.0021249126210295803)]"
fei_wangl,[]
feynmanzhou,"[('2103', 0.027745985488386242), ('add', 0.020115839479080026), ('delay', 0.804633579163201), ('kubekeykuberneteskubespherek8s1186', 4.827801474979206), ('kubespher', 0.804633579163201), ('openeul', 0.0034832622474597445), ('openeuleropeneul', 1.9311205899916826), ('roadmap', 0.804633579163201), ('rpm', 0.09655602949958413), ('sigkubernet', 0.804633579163201), ('sigkubernet', 1.2069503687448015), ('srcopeneul', 0.24139007374896032), ('vm', 0.11227445290649317)]"
fly_fzc,"[('20210531', 0.015181765644588698), ('cpio', 1.2069503687448015), ('cve202014352', 4.827801474979206), ('cve20213537', 4.827801474979206), ('cve20213541', 4.827801474979206), ('git', 0.5679766441152008), ('librepolibxml2', 3.218534316652804), ('libunistr', 3.218534316652804), ('llvm1001compilerrt', 4.827801474979206), ('openeuler2003ltssp1less', 4.827801474979206), ('openeuler2003ltssp1librepo', 4.827801474979206), ('patch', 0.00620540035344371), ('pythoncryptography2611oe1srcrpm', 4.827801474979206), ('remov', 0.024631640178465336), ('telnet', 1.2069503687448015), ('useless', 1.2069503687448015)]"
